No,Code
1,G-738927
2,G-204435
3,G-385499
4,G-537967
5,G-281922
6,G-302965
7,G-860904
8,G-234247
9,G-393106
10,G-866966
11,G-858994
12,G-929045
13,G-299490
14,G-729506
15,G-931321
16,G-578110
17,G-799921
18,G-381679
19,G-764874
20,G-254411
21,G-982305
22,G-878412
23,G-692845
24,G-959369
25,G-327661
26,G-981122
27,G-483957
28,G-147297
29,G-603362
30,G-184382
31,G-729095
32,G-447264
33,G-555319
34,G-977968
35,G-671155
36,G-385446
37,G-586616
38,G-162455
39,G-584742
40,G-246921
41,G-357180
42,G-695341
43,G-449841
44,G-779475
45,G-575086
46,G-158590
47,G-610120
48,G-434410
49,G-474448
50,G-998468
51,G-674370
52,G-876678
53,G-682106
54,G-922515
55,G-168331
56,G-902534
57,G-866265
58,G-694717
59,G-299747
60,G-714189
61,G-951993
62,G-231290
63,G-407501
64,G-572030
65,G-666886
66,G-922586
67,G-891977
68,G-926465
69,G-428611
70,G-252034
71,G-199655
72,G-507153
73,G-688791
74,G-818819
75,G-825451
76,G-407801
77,G-699849
78,G-967417
79,G-292490
80,G-367593
81,G-160541
82,G-942285
83,G-166104
84,G-687349
85,G-609108
86,G-460202
87,G-826101
88,G-324607
89,G-845120
90,G-958796
91,G-714932
92,G-382889
93,G-487871
94,G-196554
95,G-912056
96,G-744452
97,G-498134
98,G-626162
99,G-201132
100,G-486871
101,G-978573
102,G-423377
103,G-314702
104,G-959678
105,G-352856
106,G-656312
107,G-730256
108,G-424537
109,G-391091
110,G-163148
111,G-638326
112,G-223235
113,G-125270
114,G-989949
115,G-837884
116,G-659674
117,G-704091
118,G-836677
119,G-951602
120,G-877571
121,G-249353
122,G-972783
123,G-105166
124,G-108265
125,G-802205
126,G-863455
127,G-266583
128,G-308357
129,G-723028
130,G-163058
131,G-552436
132,G-263816
133,G-210034
134,G-981295
135,G-333253
136,G-290191
137,G-830812
138,G-912522
139,G-264661
140,G-195065
141,G-694656
142,G-429544
143,G-955101
144,G-960433
145,G-361600
146,G-463766
147,G-178624
148,G-301095
149,G-654386
150,G-807531
151,G-174446
152,G-176281
153,G-878060
154,G-485715
155,G-307098
156,G-730601
157,G-369786
158,G-154365
159,G-160513
160,G-185846
161,G-714449
162,G-902874
163,G-527945
164,G-197895
165,G-898402
166,G-587647
167,G-338779
168,G-364783
169,G-396185
170,G-478246
171,G-119700
172,G-981297
173,G-979838
174,G-192495
175,G-583277
176,G-258509
177,G-624932
178,G-829990
179,G-641188
180,G-688918
181,G-570797
182,G-381005
183,G-835841
184,G-917246
185,G-254853
186,G-473193
187,G-330581
188,G-991687
189,G-841817
190,G-184472
191,G-619011
192,G-285632
193,G-876515
194,G-728912
195,G-528829
196,G-407317
197,G-412599
198,G-589743
199,G-800670
200,G-587669
201,G-914205
202,G-818277
203,G-780260
204,G-507204
205,G-797805
206,G-310403
207,G-251945
208,G-940108
209,G-133940
210,G-467560
211,G-283630
212,G-398957
213,G-775947
214,G-578823
215,G-252413
216,G-206587
217,G-662097
218,G-568590
219,G-514169
220,G-858368
221,G-483321
222,G-161549
223,G-384384
224,G-439332
225,G-417099
226,G-542494
227,G-792447
228,G-718164
229,G-129610
230,G-381580
231,G-185751
232,G-176890
233,G-231208
234,G-495791
235,G-110341
236,G-796433
237,G-570212
238,G-763802
239,G-506198
240,G-843228
241,G-204397
242,G-620671
243,G-184174
244,G-452936
245,G-515263
246,G-478703
247,G-747491
248,G-501446
249,G-703329
250,G-975000
251,G-541890
252,G-682028
253,G-593845
254,G-761279
255,G-185644
256,G-752616
257,G-126692
258,G-449503
259,G-764869
260,G-647352
261,G-950585
262,G-435155
263,G-254003
264,G-554745
265,G-227044
266,G-635924
267,G-912952
268,G-978565
269,G-650596
270,G-712392
271,G-363137
272,G-299196
273,G-321145
274,G-364547
275,G-267227
276,G-946144
277,G-209730
278,G-521360
279,G-524862
280,G-557749
281,G-936357
282,G-797033
283,G-843151
284,G-890057
285,G-186236
286,G-191856
287,G-726992
288,G-846446
289,G-755140
290,G-596922
291,G-395207
292,G-179217
293,G-277795
294,G-960168
295,G-870958
296,G-275777
297,G-792504
298,G-298630
299,G-718255
300,G-414552
